{"cameraMode":{"drawMode":0,"name":"Shaded","section":"Shading Mode"},"sceneLighting":false,"audioPlay":false,"sceneViewState":{"m_AlwaysRefresh":false,"showFog":false,"showSkybox":false,"showFlares":false,"showImageEffects":false,"showParticleSystems":false,"showVisualEffectGraphs":true,"m_FxEnabled":true},"in2DMode":false,"pivot":{"x":0.0000018477439880371094,"y":1.5626981258392335,"z":0.016342580318450929},"rotation":{"x":-0.0029999669641256334,"y":-0.004499966278672218,"z":-0.000013500000022759195,"w":0.9999851584434509},"size":2.391444683074951,"orthographic":false}