{"cameraMode":{"drawMode":0,"name":"Shaded","section":"Shading Mode"},"sceneLighting":true,"audioPlay":false,"sceneViewState":{"m_AlwaysRefresh":false,"showFog":true,"showSkybox":true,"showFlares":true,"showImageEffects":true,"showParticleSystems":true,"showVisualEffectGraphs":true,"m_FxEnabled":false},"in2DMode":false,"pivot":{"x":0.1488211303949356,"y":-0.06358682364225388,"z":4.895909786224365},"rotation":{"x":0.1734277606010437,"y":-0.21091923117637635,"z":0.03805408254265785,"w":0.9612424969673157},"size":5.799997329711914,"orthographic":false}