{"cameraMode":{"drawMode":0,"name":"Shaded","section":"Shading Mode"},"sceneLighting":true,"audioPlay":false,"sceneViewState":{"m_AlwaysRefresh":false,"showFog":true,"showSkybox":true,"showFlares":true,"showImageEffects":true,"showParticleSystems":true,"showVisualEffectGraphs":true,"m_FxEnabled":true},"in2DMode":false,"pivot":{"x":28.168272018432618,"y":-20.72405242919922,"z":30.817829132080079},"rotation":{"x":0.21287095546722413,"y":0.596928060054779,"z":-0.16829822957515717,"w":0.7550108432769775},"size":30.699966430664064,"orthographic":false}