{"cameraMode":{"drawMode":0,"name":"Shaded","section":"Shading Mode"},"sceneLighting":true,"audioPlay":false,"sceneViewState":{"m_AlwaysRefresh":false,"showFog":true,"showSkybox":true,"showFlares":true,"showImageEffects":true,"showParticleSystems":true,"showVisualEffectGraphs":true,"m_FxEnabled":true},"in2DMode":false,"pivot":{"x":-0.07381521165370941,"y":1.3024663925170899,"z":0.030652165412902833},"rotation":{"x":-0.0029999669641256334,"y":-0.004499966278672218,"z":-0.000013500000022759195,"w":0.9999851584434509},"size":3.4835801124572756,"orthographic":false}